{
  "timestamp": "20250616_031954",
  "execution_mode": "Full XCom Integration",
  "total_files_saved": 7,
  "files_list": [
    "results/complete_pipeline_results_20250616_031954.json",
    "results/models/current_model.joblib",
    "results/metrics.json",
    "results/evaluation_report.md",
    "results/confusion_matrix.png",
    "results/roc_curve.png",
    "results/precision_recall_curve.png"
  ],
  "xcom_data_complete": true,
  "key_metrics": {
    "accuracy": 0.9736842105263158,
    "precision": 0.9737105878629081,
    "recall": 0.9736842105263158,
    "f1_score": 0.9736164257756981,
    "roc_auc": 0
  },
  "pipeline_success": true
}