{
  "model_type": "LogisticRegression",
  "timestamp": "20250616_000056",
  "training_history": {
    "start_time": "2025-06-16T00:00:56.960664",
    "end_time": "2025-06-16T00:00:56.962758",
    "training_time_seconds": 0.002094,
    "training_samples": 455,
    "features_count": 30,
    "model_params": {
      "C": 0.1,
      "class_weight": null,
      "dual": false,
      "fit_intercept": true,
      "intercept_scaling": 1,
      "l1_ratio": null,
      "max_iter": 1000,
      "multi_class": "auto",
      "n_jobs": null,
      "penalty": "l2",
      "random_state": 42,
      "solver": "liblinear",
      "tol": 0.0001,
      "verbose": 0,
      "warm_start": false
    }
  },
  "best_params": {
    "C": 0.1,
    "max_iter": 1000,
    "penalty": "l2",
    "solver": "liblinear"
  },
  "model_params": {
    "C": 0.1,
    "class_weight": null,
    "dual": false,
    "fit_intercept": true,
    "intercept_scaling": 1,
    "l1_ratio": null,
    "max_iter": 1000,
    "multi_class": "auto",
    "n_jobs": null,
    "penalty": "l2",
    "random_state": 42,
    "solver": "liblinear",
    "tol": 0.0001,
    "verbose": 0,
    "warm_start": false
  }
}